y_train_true_scaled,y_train_pred_scaled,y_train_true_unscaled,y_train_pred_unscaled
2.1680497958332388,2.0466052102464305,23.6,22.711778425655947
2.6739426717218135,2.2549373431186313,27.3,24.235478260869524
1.8535758459565568,1.636004090995622,21.3,19.708723404255316
0.7050622898851975,0.6507012007985685,12.9,12.502413793103447
0.07748166817477614,-0.05157547455648715,8.31,7.366101694915254
-0.25750145234603705,-0.25004978701200253,5.86,5.914500000000001
-0.44618582227204606,-0.30645536815804225,4.48,5.5019607843137255
-0.6061573532962713,-0.5387858303738824,3.31,3.802741935483872
-0.7907398890934539,-0.5614548738087838,1.96,3.636945054945058
-0.8550019571117323,-0.6601291960434966,1.49,2.915260663507114
-0.5651390120080083,-0.5614548738087838,3.61,3.636945054945058
-0.2178503891007163,0.0752729882592542,6.15,8.293846153846154
1.539101896079875,1.885051557353398,19.0,21.530207100591713
1.9219397481036615,1.6621401715499216,21.8,19.89987750556788
1.019536239761879,1.2678284994672808,15.2,17.015960264900684
0.029626936671802762,0.6271332596419372,7.96,12.330042553191497
-0.30809073993489455,-0.17501831163304007,5.49,6.4632653061224525
-0.5678735680938926,-0.2320172279826286,3.59,6.046386554621852
-0.7784343867069752,-0.42077788972548824,2.05,4.665828571428569
-0.8153508938664116,-0.49576646212430636,1.78,4.117377049180332
-0.8755111277558638,-0.6601291960434966,1.34,2.915260663507114
-0.8878166301423427,-0.6601291960434966,1.25,2.915260663507114
-0.7169068747745808,-0.4619473889828127,2.5,4.364723032069973
0.062441609702412935,-0.22196220336124298,8.2,6.119927007299269
2.8927071585925486,2.017105718087534,28.9,22.496024999999964
3.125144425892705,2.3809815076330376,30.6,25.15734024179614
1.8945941872448198,1.6538393118500985,21.6,19.83916666666666
0.4589522421556204,0.6060832489504765,11.1,12.17608695652174
0.005015931898845099,-0.22826774561837043,7.78,6.0738095238095235
-0.24929778408838452,-0.30645536815804225,5.92,5.5019607843137255
-0.5008769439897299,-0.30645536815804225,4.08,5.5019607843137255
-0.6704194213145497,-0.5387858303738824,2.84,3.802741935483872
-0.7852707769216856,-0.6444652102951803,2.0,3.029823943661973
-0.8249218401670063,-0.6601291960434966,1.71,2.915260663507114
-0.8112490597375854,-0.5614548738087838,1.81,3.636945054945058
-0.1809338819412798,-0.15784362519567638,6.42,6.588877551020406
2.33212316098629,1.9157689385211658,24.8,21.75486792452823
2.6465971108629716,2.2549373431186313,27.1,24.235478260869524
1.7578663829506103,1.7875314333465826,20.6,20.81696428571426
0.5136433638733042,0.6749094937089538,11.5,12.679468438538212
-0.022329628959996815,-0.058376050092106585,7.58,7.316363636363636
-0.28347973516193686,-0.2320172279826286,5.67,6.046386554621852
-0.444818544229104,-0.28905012718873785,4.49,5.6292592592592605
-0.530957060934456,-0.5026859580157763,3.86,4.066769230769231
-0.7237432649892913,-0.5614548738087838,2.45,3.636945054945058
-0.7934744451793381,-0.6601291960434966,1.94,2.915260663507114
-0.7442524356334228,-0.6601291960434966,2.3,2.915260663507114
0.07884894621771821,-0.03809154229975152,8.32,7.464720496894411
2.1680497958332388,2.148905141054183,23.6,23.459979797979784
2.8653615977337066,2.2549373431186313,28.7,24.235478260869524
1.4160468722150867,1.885051557353398,18.1,21.530207100591713
0.2839406526590324,0.41106416240769694,9.82,10.749756097560972
-0.1344464284812486,-0.058376050092106585,6.76,7.316363636363636
-0.38739286642553605,-0.25802917369594464,4.91,5.856140350877192
-0.6403393043698236,-0.4015148953547806,3.06,4.806714285714287
-0.7128050406457546,-0.4619473889828127,2.53,4.364723032069973
-0.7866380549646277,-0.6601291960434966,1.99,2.915260663507114
-0.7934744451793381,-0.6601291960434966,1.94,2.915260663507114
-0.7141723186886966,-0.5614548738087838,2.52,3.636945054945058
-0.09206080915004361,-0.03809154229975152,7.07,7.464720496894411
1.1015729223384048,1.885051557353398,15.8,21.530207100591713
1.2246279462031933,1.651484760517588,16.7,19.82194594594592
0.6640439485969346,0.6855942575673427,12.6,12.757614678899081
-0.04830791177589667,-0.03809154229975152,7.39,7.464720496894411
-0.39286197859730443,-0.17501831163304007,4.87,6.4632653061224525
-0.5555680657074136,-0.3948757102756122,3.68,4.855271966527199
-0.7456197136763648,-0.5026859580157763,2.29,4.066769230769231
-0.8098817816946432,-0.6601291960434966,1.82,2.915260663507114
-0.8659401814552692,-0.6601291960434966,1.41,2.915260663507114
-0.8878166301423427,-0.6601291960434966,1.25,2.915260663507114
-0.878245683841748,-0.6444652102951803,1.32,3.029823943661973
-0.2766433449472264,-0.15784362519567638,5.72,6.588877551020406
1.9629580893919245,1.651484760517588,22.1,19.82194594594592
3.316563351904598,2.51020979604248,32.0,26.102490272373462
2.6876154521512343,1.773858343857932,27.4,20.716962025316448
0.9101539963265117,0.8794408802878311,14.4,14.175370370370372
0.322224437861411,-0.058376050092106585,10.1,7.316363636363636
-0.005922292444691666,-0.24941450294570874,7.7,5.919146341463415
-0.2643378425607476,-0.30645536815804225,5.81,5.5019607843137255
-0.2766433449472264,-0.30645536815804225,5.72,5.5019607843137255
-0.4038002029408412,-0.28905012718873785,4.79,5.6292592592592605
-0.4366148759714515,-0.5387858303738824,4.55,3.802741935483872
-0.3532109153519837,-0.5387858303738824,5.16,3.802741935483872
0.39058834000851567,0.0752729882592542,10.6,8.293846153846154
2.4278326239922365,1.884008078180407,25.5,21.522575301204768
2.728633793439497,2.237059357056176,27.7,24.104722222222215
1.5937930177975586,1.885051557353398,19.4,21.530207100591713
0.48629780301446246,0.7436113678421767,11.3,13.181940298507463
0.11713273142009677,0.16705233180424794,8.6,8.965102040816326
-0.09752992132181199,-0.058376050092106585,7.03,7.316363636363636
-0.28211245711899485,-0.2320172279826286,5.68,6.046386554621852
-0.39286197859730443,-0.2320172279826286,4.87,6.046386554621852
-0.5870154606950818,-0.3948757102756122,3.45,4.855271966527199
-0.6676848652286654,-0.42077788972548824,2.86,4.665828571428569
-0.6540120847992446,-0.37787312904040704,2.96,4.979625468164796
0.2401877552848853,0.2355614857423277,9.5,9.466164383561644
2.017649211109608,2.017105718087534,22.5,22.496024999999964
2.1270314545449756,2.148905141054183,23.3,23.459979797979784
1.2383007266326143,1.4327869853969284,16.8,18.222433862433867
0.0979908388189076,0.35395035245041934,8.46,10.332037037037038
-0.1905048282418745,-0.058376050092106585,6.35,7.316363636363636
-0.40516748098378325,-0.17501831163304007,4.78,6.4632653061224525
-0.6211974117686342,-0.3948757102756122,3.2,4.855271966527199
-0.6950304260875073,-0.42077788972548824,2.66,4.665828571428569
-0.7907398890934539,-0.49576646212430636,1.96,4.117377049180332
-0.805779947565817,-0.6149240183951352,1.85,3.2458823529411767
-0.7880053330075698,-0.5387858303738824,1.98,3.802741935483872
-0.3805564762108256,-0.08439863714702188,4.96,7.126039603960394
1.4023740917856655,1.65779267891871,18.0,19.86808080808083
2.537214867427604,1.885051557353398,26.3,21.530207100591713
1.347682970067982,1.636004090995622,17.6,19.708723404255316
0.2634314820149009,0.2355614857423277,9.67,9.466164383561644
-0.16452654542597464,-0.058376050092106585,6.54,7.316363636363636
-0.3887601444684781,-0.25802917369594464,4.9,5.856140350877192
-0.6143610215539238,-0.49364990290560734,3.25,4.1328571428571435
-0.7346814893328281,-0.5614548738087838,2.37,3.636945054945058
-0.8262891182099484,-0.6601291960434966,1.7,2.915260663507114
-0.8563692351546746,-0.6601291960434966,1.48,2.915260663507114
-0.8686747375411534,-0.6601291960434966,1.39,2.915260663507114
-0.5008769439897299,-0.3686307732807196,4.08,5.0472222222222225
1.4297196526445073,1.5514960615476363,18.2,19.090648464163817
2.0313219915390293,1.8955786274357385,22.6,21.607200000000002
1.060554581050142,1.3387554487287718,15.5,17.53470588235294
0.44527946172619953,0.12833644664575825,11.0,8.681941747572816
-0.11256997979417507,-0.058376050092106585,6.92,7.316363636363636
-0.3723528079531731,-0.25802917369594464,5.02,5.856140350877192
-0.5542007876644716,-0.3764546420819991,3.69,4.990000000000002
-0.5993209630815607,-0.5614548738087838,3.36,3.636945054945058
-0.7510888258481332,-0.5614548738087838,2.25,3.636945054945058
-0.8139836158234696,-0.6601291960434966,1.79,2.915260663507114
-0.8071472256087591,-0.6601291960434966,1.84,2.915260663507114
-0.06608252633414388,-0.3764546420819991,7.26,4.990000000000002
2.263759258839185,1.885051557353398,24.3,21.530207100591713
2.564560428286446,2.2694783875673767,26.5,24.341828571428568
1.3203374092091398,1.6538393118500985,17.4,19.83916666666666
0.30718437938904797,0.31633099802114323,9.99,10.056896551724137
-0.05924613611943343,-0.058376050092106585,7.31,7.316363636363636
-0.29578523754841574,-0.25802917369594464,5.58,5.856140350877192
-0.4571240466155828,-0.3381198390421977,4.4,5.270373134328356
-0.5295897828915139,-0.47293291126024006,3.87,4.2843771043771035
-0.6936631480445653,-0.5614548738087838,2.67,3.636945054945058
-0.7469869917193069,-0.6444652102951803,2.28,3.029823943661973
-0.7538233819340174,-0.6444652102951803,2.23,3.029823943661973
-0.40926931511260956,-0.03809154229975152,4.75,7.464720496894411
1.3750285309268238,1.561449335146777,17.8,19.163444730077103
1.8399030655271358,1.885051557353398,21.2,21.530207100591713
1.265646287491456,1.0642840264436944,17.0,15.52727642276422
0.40426112043793655,0.2437683992686295,10.7,9.526188118811879
-0.10983542370829082,-0.058376050092106585,6.94,7.316363636363636
-0.35047635926609955,-0.25802917369594464,5.18,5.856140350877192
-0.5733426802656609,-0.30645536815804225,3.55,5.5019607843137255
-0.7114377626028124,-0.4619473889828127,2.54,4.364723032069973
-0.8098817816946432,-0.6601291960434966,1.82,2.915260663507114
-0.8536346790687903,-0.6601291960434966,1.5,2.915260663507114
-0.8563692351546746,-0.6601291960434966,1.48,2.915260663507114
0.062441609702412935,-0.3686307732807196,8.2,5.0472222222222225
2.33212316098629,1.957554782045754,24.8,22.060481283422472
2.086013113256713,2.2694783875673767,23.0,24.341828571428568
1.1015729223384048,1.3387554487287718,15.8,17.53470588235294
0.06380888774535524,0.2881706691043842,8.21,9.850937499999999
-0.27937790103311055,-0.17501831163304007,5.7,6.4632653061224525
-0.5090806122473825,-0.25802917369594464,4.02,5.856140350877192
-0.7210087089034072,-0.4619473889828127,2.47,4.364723032069973
-0.7606597721487278,-0.6601291960434966,2.18,2.915260663507114
-0.8126163377805274,-0.6601291960434966,1.8,2.915260663507114
-0.8139836158234696,-0.6601291960434966,1.79,2.915260663507114
-0.7852707769216856,-0.5614548738087838,2.0,3.636945054945058
-0.3655164177384625,-0.03809154229975152,5.07,7.464720496894411
1.7031752612329263,1.8221894901672349,20.2,21.070446428571433
2.4004870631333945,2.148905141054183,25.3,23.459979797979784
1.1015729223384048,1.636004090995622,15.8,19.708723404255316
0.10482722903361794,0.12833644664575825,8.51,8.681941747572816
-0.11393725783711714,-0.17501831163304007,6.91,6.4632653061224525
-0.37782192012494137,-0.2592952207876945,4.98,5.846880733944959
-0.6184628556827501,-0.49576646212430636,3.22,4.117377049180332
-0.7251105430322333,-0.5614548738087838,2.44,3.636945054945058
-0.8194527279952379,-0.6601291960434966,1.75,2.915260663507114
-0.8030453914799328,-0.6601291960434966,1.87,2.915260663507114
-0.7155395967316388,-0.6601291960434966,2.51,2.915260663507114
0.06380888774535524,-0.3381198390421977,8.21,5.270373134328356
2.8653615977337066,2.0466052102464305,28.7,22.711778425655947
2.9473982803102325,2.3809815076330376,29.3,25.15734024179614
1.4297196526445073,1.6538393118500985,18.2,19.83916666666666
0.30855165743199003,0.26114812768318757,10.0,9.6533
-0.07018436046297008,-0.058376050092106585,7.23,7.316363636363636
-0.3026216277631262,-0.25802917369594464,5.53,5.856140350877192
-0.5965864069956766,-0.3381198390421977,3.38,5.270373134328356
-0.7114377626028124,-0.5614548738087838,2.54,3.636945054945058
-0.7907398890934539,-0.6601291960434966,1.96,2.915260663507114
-0.8167181719093537,-0.6601291960434966,1.77,2.915260663507114
-0.8071472256087591,-0.5614548738087838,1.84,3.636945054945058
-0.48036777334559844,-0.15784362519567638,4.23,6.588877551020406
1.3750285309268238,1.614261723826704,17.8,19.549704049844177
1.5254291156504538,1.885051557353398,18.9,21.530207100591713
0.540988924732146,0.7724515445084492,11.7,13.39287162162163
-0.2547668962601529,-0.03809154229975152,5.88,7.464720496894411
-0.4639604368302934,-0.17501831163304007,4.35,6.4632653061224525
-0.6430738604557077,-0.3948757102756122,3.04,4.855271966527199
-0.8016781134369907,-0.49576646212430636,1.88,4.117377049180332
-0.8317582303817168,-0.6601291960434966,1.66,2.915260663507114
-0.8727765716699796,-0.6601291960434966,1.36,2.915260663507114
-0.8837147960135163,-0.6601291960434966,1.28,2.915260663507114
-0.8755111277558638,-0.6601291960434966,1.34,2.915260663507114
-0.3723528079531731,-0.3764546420819991,5.02,4.990000000000002
1.9903036502507663,1.6147915300570597,22.3,19.553578947368425
2.48252374570992,2.468778526708691,25.9,25.799470198675518
1.347682970067982,1.636004090995622,17.6,19.708723404255316
0.1212345655489232,0.21494569910749278,8.63,9.315384615384616
-0.2739087888613422,-0.2371802824328102,5.74,6.008625
-0.45849132465852505,-0.30645536815804225,4.39,5.5019607843137255
-0.7087032065169283,-0.5387858303738824,2.56,3.802741935483872
-0.7907398890934539,-0.6601291960434966,1.96,2.915260663507114
-0.863205625369385,-0.6601291960434966,1.43,2.915260663507114
-0.8850820740564584,-0.6601291960434966,1.27,2.915260663507114
-0.8399618986393693,-0.6601291960434966,1.6,2.915260663507114
-0.256134174303095,-0.3381198390421977,5.87,5.270373134328356
2.4688509652804993,1.885051557353398,25.8,21.530207100591713
2.6876154521512343,2.3809815076330376,27.4,25.15734024179614
1.8672486263859776,1.636004090995622,21.4,19.708723404255316
0.6230256073086718,0.6060832489504765,12.3,12.17608695652174
0.015954156242381865,-0.12123489847595263,7.86,6.856626506024097
-0.28347973516193686,-0.2592952207876945,5.67,5.846880733944959
-0.5938518509097924,-0.30645536815804225,3.4,5.5019607843137255
-0.7401506015045964,-0.5614548738087838,2.33,3.636945054945058
-0.8249218401670063,-0.6601291960434966,1.71,2.915260663507114
-0.8372273425534852,-0.6601291960434966,1.62,2.915260663507114
-0.6321356361121709,-0.6601291960434966,3.12,2.915260663507114
-0.2780106229901685,-0.22196220336124298,5.71,6.119927007299269
1.9219397481036615,1.9157689385211658,21.8,21.75486792452823
2.4415054044216578,2.148905141054183,25.6,23.459979797979784
1.6348113590858215,1.9475133166188479,19.7,21.98703999999998
0.6230256073086718,0.6855942575673427,12.3,12.757614678899081
-0.02506418504588107,-0.058376050092106585,7.56,7.316363636363636
-0.3477418031802153,-0.25802917369594464,5.2,5.856140350877192
-0.5979536850386186,-0.3381198390421977,3.37,5.270373134328356
-0.7428851575904807,-0.5614548738087838,2.31,3.636945054945058
-0.8413291766823114,-0.6601291960434966,1.59,2.915260663507114
-0.8755111277558638,-0.6601291960434966,1.34,2.915260663507114
-0.8700420155840954,-0.5483981930432054,1.38,3.732439024390242
-0.28758156929076323,-0.26536330109295414,5.64,5.8025
2.1953953566920803,1.885051557353398,23.8,21.530207100591713
3.2618722301869143,2.514199020371412,31.6,26.131666666666668
2.1817225762626595,1.885051557353398,23.7,21.530207100591713
0.6366983877380928,1.2637995742905987,12.4,16.986493506493503
0.08431805838948647,-0.058376050092106585,8.36,7.316363636363636
-0.14811920891066951,-0.24941450294570874,6.66,5.919146341463415
-0.3477418031802153,-0.30645536815804225,5.2,5.5019607843137255
-0.3696182518672888,-0.3381198390421977,5.04,5.270373134328356
-0.4612258807444092,-0.37787312904040704,4.37,4.979625468164796
-0.6922958700016231,-0.5387858303738824,2.68,3.802741935483872
-0.7702307184493224,-0.6444652102951803,2.11,3.029823943661973
-0.3846583103396519,-0.2714021124492816,4.93,5.758333333333335
2.003976430680187,1.65779267891871,22.4,19.86808080808083
2.1953953566920803,2.514199020371412,23.8,26.131666666666668
1.6621569199446633,1.7325010178780968,19.9,20.41448275862068
0.4179339008673577,0.6855942575673427,10.8,12.757614678899081
-0.09479536523592785,-0.05157547455648715,7.05,7.366101694915254
-0.32176352036431555,-0.17501831163304007,5.39,6.4632653061224525
-0.5788117924374293,-0.28905012718873785,3.51,5.6292592592592605
-0.7223759869463492,-0.42077788972548824,2.46,4.665828571428569
-0.805779947565817,-0.4619473889828127,1.85,4.364723032069973
-0.805779947565817,-0.6601291960434966,1.85,2.915260663507114
-0.7647616062775542,-0.6601291960434966,2.15,2.915260663507114
-0.012758682659402115,-0.2714021124492816,7.65,5.758333333333335
2.5098693065687625,2.0466052102464305,26.1,22.711778425655947
2.8653615977337066,2.4106803566811235,28.7,25.374551724137945
2.2500864784097643,1.773858343857932,24.2,20.716962025316448
0.6366983877380928,0.9829153602874028,12.4,14.932162162162161
0.13354006793540205,-0.058376050092106585,8.72,7.316363636363636
-0.13171187239536436,-0.2320172279826286,6.78,6.046386554621852
-0.36825097382434674,-0.30645536815804225,5.05,5.5019607843137255
-0.414738427284378,-0.37787312904040704,4.71,4.979625468164796
-0.5924845728668502,-0.5387858303738824,3.41,3.802741935483872
-0.6731539774004339,-0.5614548738087838,2.82,3.636945054945058
-0.7032340943451598,-0.5483981930432054,2.6,3.732439024390242
0.0009140977700187819,-0.03809154229975152,7.75,7.464720496894411
2.9200527194513906,2.148905141054183,29.1,23.459979797979784
2.6465971108629716,2.3816709170251995,27.1,25.162382445141102
1.3340101896385608,1.8955786274357385,17.5,21.607200000000002
0.39058834000851567,0.6271332596419372,10.6,12.330042553191497
0.0979908388189076,-0.05157547455648715,8.46,7.366101694915254
-0.1809338819412798,-0.058376050092106585,6.42,7.316363636363636
-0.3983310907690728,-0.25802917369594464,4.83,5.856140350877192
-0.5432625633209348,-0.4015148953547806,3.77,4.806714285714287
-0.6936631480445653,-0.47293291126024006,2.67,4.2843771043771035
-0.7333142112898859,-0.6149240183951352,2.38,3.2458823529411767
-0.7415178795475387,-0.5614548738087838,2.32,3.636945054945058
-0.08795897502121741,-0.03809154229975152,7.1,7.464720496894411
1.9356125285330823,1.957554782045754,21.9,22.060481283422472
2.755979354298339,2.197024518725428,27.9,23.81191536748328
1.5117563352210333,1.6538393118500985,18.8,19.83916666666666
0.7187350703146184,0.6507012007985685,13.0,12.502413793103447
0.44527946172619953,-0.05157547455648715,11.0,7.366101694915254
-0.10163175545063831,-0.058376050092106585,7.0,7.316363636363636
-0.3901274225114203,-0.25802917369594464,4.89,5.856140350877192
-0.5063460561614983,-0.42077788972548824,4.04,4.665828571428569
-0.6813576456580864,-0.5387858303738824,2.76,3.802741935483872
-0.7278450991181176,-0.6444652102951803,2.42,3.029823943661973
-0.6895613139157389,-0.6444652102951803,2.7,3.029823943661973
-0.27117423277545805,-0.024508004147057127,5.76,7.5640677966101695
1.539101896079875,1.885051557353398,19.0,21.530207100591713
2.1680497958332388,1.885051557353398,23.6,21.530207100591713
1.1836096049149303,1.615421917196858,16.4,19.558189473684212
0.06927799991712351,0.6480573130179194,8.25,12.483076923076922
-0.26160328647486336,0.2355614857423277,5.83,9.466164383561644
-0.4229420955420305,-0.17501831163304007,4.65,6.4632653061224525
-0.6088919093821554,-0.3948757102756122,3.29,4.855271966527199
-0.7264778210751754,-0.42077788972548824,2.43,4.665828571428569
-0.8126163377805274,-0.6601291960434966,1.8,2.915260663507114
-0.8413291766823114,-0.6601291960434966,1.59,2.915260663507114
-0.8509001229829061,-0.6601291960434966,1.52,2.915260663507114
-0.5118151683332667,-0.2714021124492816,4.0,5.758333333333335
2.263759258839185,1.561449335146777,24.3,19.163444730077103
2.632924330433551,2.468778526708691,27.0,25.799470198675518
1.6895024808035055,1.636004090995622,20.1,19.708723404255316
0.48629780301446246,0.6060832489504765,11.3,12.17608695652174
0.054237941444760546,-0.12123489847595263,8.14,6.856626506024097
-0.2328904475730794,-0.2592952207876945,6.04,5.846880733944959
-0.4229420955420305,-0.30645536815804225,4.65,5.5019607843137255
-0.4680622709591196,-0.5387858303738824,4.32,3.802741935483872
-0.6499102506704182,-0.5387858303738824,2.99,3.802741935483872
-0.7551906599769596,-0.6444652102951803,2.22,3.029823943661973
-0.7715979964922646,-0.6601291960434966,2.1,2.915260663507114
-0.40106564685495705,-0.3524296136131597,4.81,5.1657142857142855
0.9648451180441955,1.561449335146777,14.8,19.163444730077103
1.251973507062035,1.9157689385211658,16.9,21.75486792452823
0.34956999872025296,0.8297832690353192,10.3,13.812184466019424
-0.37918919816788355,0.29202141951956634,4.97,9.879101123595504
-0.5993209630815607,-0.2320172279826286,3.36,6.046386554621852
-0.7661288843204963,-0.37787312904040704,2.14,4.979625468164796
-0.8577365131976166,-0.4619473889828127,1.47,4.364723032069973
-0.8878166301423427,-0.4619473889828127,1.25,4.364723032069973
-0.9192640251300108,-0.6149240183951352,1.02,3.2458823529411767
-0.9137949129582426,-0.6601291960434966,1.06,2.915260663507114
-0.8659401814552692,-0.6601291960434966,1.41,2.915260663507114
-0.530957060934456,-0.3381198390421977,3.86,5.270373134328356
1.976630869821345,1.4899110081889508,22.2,18.640227617602374
1.8809214068153985,2.148905141054183,21.5,23.459979797979784
1.1015729223384048,0.7724515445084492,15.8,13.39287162162163
-0.07155163850591226,-0.058376050092106585,7.22,7.316363636363636
-0.3696182518672888,-0.30645536815804225,5.04,5.5019607843137255
-0.545997119406819,-0.37787312904040704,3.75,4.979625468164796
-0.7374160454187122,-0.5614548738087838,2.35,3.636945054945058
-0.7948417232222803,-0.6601291960434966,1.93,2.915260663507114
-0.8604710692835007,-0.6601291960434966,1.45,2.915260663507114
-0.8522674010258482,-0.6601291960434966,1.51,2.915260663507114
-0.8372273425534852,-0.6601291960434966,1.62,2.915260663507114
-0.3313344666649102,-0.3764546420819991,5.32,4.990000000000002
1.7578663829506103,1.884008078180407,20.6,21.522575301204768
2.1543770154038175,2.148905141054183,23.5,23.459979797979784
0.7597534116028813,1.273772429674509,13.3,17.059432989690723
-0.07018436046297008,-0.05157547455648715,7.23,7.366101694915254
-0.38329103229670974,-0.25802917369594464,4.94,5.856140350877192
-0.6075246313392133,-0.4015148953547806,3.3,4.806714285714287
-0.7880053330075698,-0.5614548738087838,1.98,3.636945054945058
-0.8303909523387747,-0.6601291960434966,1.67,2.915260663507114
-0.8673074594982113,-0.6601291960434966,1.4,2.915260663507114
-0.8768784057988059,-0.6601291960434966,1.33,2.915260663507114
-0.8591037912405587,-0.6601291960434966,1.46,2.915260663507114
-0.5911172948239082,-0.3381198390421977,3.42,5.270373134328356
0.4589522421556204,1.155359602369298,11.1,16.193385093167702
1.457065213503349,1.885051557353398,18.4,21.530207100591713
0.8828084354676696,0.6480573130179194,14.2,12.483076923076922
-0.07428619459179639,-0.03809154229975152,7.2,7.464720496894411
-0.40106564685495705,-0.25802917369594464,4.81,5.856140350877192
-0.5637717339650662,-0.47293291126024006,3.62,4.2843771043771035
-0.7524561038910753,-0.5614548738087838,2.24,3.636945054945058
-0.8317582303817168,-0.6601291960434966,1.66,2.915260663507114
-0.9028566886147057,-0.6601291960434966,1.14,2.915260663507114
-0.9233658592588371,-0.6601291960434966,0.99,2.915260663507114
-0.82082000603818,-0.6601291960434966,1.74,2.915260663507114
-0.37782192012494137,-0.37787312904040704,4.98,4.979625468164796
1.3613557504974025,1.8208440382618825,17.7,21.06060606060606
2.33212316098629,1.670052259561221,24.8,19.95774494556768
1.4844107743621915,1.5461336117292883,18.6,19.05142857142855
0.33589721829083186,0.37478353280026994,10.2,10.484406779661018
-0.24929778408838452,-0.2320172279826286,5.92,6.046386554621852
-0.44345126618616193,-0.30645536815804225,4.5,5.5019607843137255
-0.589750016780966,-0.5387858303738824,3.43,3.802741935483872
-0.7128050406457546,-0.5614548738087838,2.53,3.636945054945058
-0.8262891182099484,-0.6601291960434966,1.7,2.915260663507114
-0.8372273425534852,-0.6601291960434966,1.62,2.915260663507114
-0.7743325525781488,-0.6601291960434966,2.08,2.915260663507114
-0.35868002752375205,-0.35699722377859266,5.12,5.132307692307691
1.5254291156504538,1.65779267891871,18.9,19.86808080808083
1.539101896079875,2.1867181586534965,19.0,23.736536697247676
0.7187350703146184,1.0642840264436944,13.0,15.52727642276422
-0.16315926738303257,-0.03809154229975152,6.55,7.464720496894411
-0.386025588382594,-0.2320172279826286,4.92,6.046386554621852
-0.5323243389773981,-0.3948757102756122,3.85,4.855271966527199
-0.7169068747745808,-0.47293291126024006,2.5,4.2843771043771035
-0.7907398890934539,-0.6601291960434966,1.96,2.915260663507114
-0.8673074594982113,-0.6601291960434966,1.4,2.915260663507114
-0.8987548544858794,-0.6601291960434966,1.17,2.915260663507114
-0.906958522743532,-0.6601291960434966,1.11,2.915260663507114
-0.6977649821733916,-0.3686307732807196,2.64,5.0472222222222225
0.6366983877380928,1.0194419447244336,12.4,15.199310344827577
1.621138578656401,1.884008078180407,19.6,21.522575301204768
0.7460806311734602,0.9361322791424115,13.2,14.59
-0.28484701320487893,-0.05157547455648715,5.66,7.366101694915254
-0.42430937358497267,-0.2592952207876945,4.64,5.846880733944959
-0.5542007876644716,-0.42077788972548824,3.69,4.665828571428569
-0.6922958700016231,-0.5614548738087838,2.68,3.636945054945058
-0.7702307184493224,-0.6444652102951803,2.11,3.029823943661973
-0.8016781134369907,-0.6601291960434966,1.88,2.915260663507114
-0.8413291766823114,-0.6601291960434966,1.59,2.915260663507114
-0.8522674010258482,-0.6601291960434966,1.51,2.915260663507114
-0.5856481826521398,-0.5026859580157763,3.46,4.066769230769231
1.3750285309268238,1.0949238304857412,17.8,15.751369863013696
2.33212316098629,1.8221894901672349,24.8,21.070446428571433
1.3340101896385608,1.3806178923075814,17.5,17.840879478827368
0.1390091801071703,0.2355614857423277,8.76,9.466164383561644
-0.2725415108184001,-0.2371802824328102,5.75,6.008625
-0.47216410508794593,-0.30645536815804225,4.29,5.5019607843137255
-0.6635830310998392,-0.5387858303738824,2.89,3.802741935483872
-0.7620270501916699,-0.6444652102951803,2.17,3.029823943661973
-0.8276563962528904,-0.6601291960434966,1.69,2.915260663507114
-0.8317582303817168,-0.6601291960434966,1.66,2.915260663507114
-0.8481655668970219,-0.6601291960434966,1.54,2.915260663507114
-0.6266665239404026,-0.37787312904040704,3.16,4.979625468164796
0.540988924732146,0.9966196531771058,11.7,15.032392638036796
1.347682970067982,1.957554782045754,17.6,22.060481283422472
0.4726250225850413,0.7543051209241521,11.2,13.260152284263956
-0.14811920891066951,-0.058376050092106585,6.66,7.316363636363636
-0.4325130418426252,-0.2320172279826286,4.58,6.046386554621852
-0.5665062900509503,-0.4015148953547806,3.6,4.806714285714287
-0.7510888258481332,-0.5483981930432054,2.25,3.732439024390242
-0.8139836158234696,-0.6601291960434966,1.79,2.915260663507114
-0.878245683841748,-0.6601291960434966,1.32,2.915260663507114
-0.8960202983999952,-0.6601291960434966,1.19,2.915260663507114
-0.8891839081852847,-0.6601291960434966,1.24,2.915260663507114
-0.6157282995968658,-0.38641623925200597,3.24,4.917142857142857
1.9356125285330823,1.2678284994672808,21.9,17.015960264900684
2.9473982803102325,2.3816709170251995,29.3,25.162382445141102
1.7441936025211893,1.5772968969937518,20.5,19.279350649350654
0.2237804187695803,0.6060832489504765,9.38,12.17608695652174
-0.23972683778778983,-0.2371802824328102,5.99,6.008625
-0.4393494320573356,-0.30645536815804225,4.53,5.5019607843137255
-0.589750016780966,-0.5387858303738824,3.43,3.802741935483872
-0.7059686504310441,-0.5614548738087838,2.58,3.636945054945058
-0.8262891182099484,-0.6601291960434966,1.7,2.915260663507114
-0.7866380549646277,-0.6601291960434966,1.99,2.915260663507114
-0.6895613139157389,-0.6601291960434966,2.7,2.915260663507114
-0.27527606690428424,-0.3686307732807196,5.73,5.0472222222222225
1.771539163380031,1.885051557353398,20.7,21.530207100591713
2.4688509652804993,2.1867181586534965,25.8,23.736536697247676
1.5937930177975586,1.6538393118500985,19.4,19.83916666666666
0.24839142354253796,0.41106416240769694,9.56,10.749756097560972
-0.18366843802716393,-0.15908163286558571,6.4,6.579823008849558
-0.37508736403905724,-0.2592952207876945,5.0,5.846880733944959
-0.5268552268056297,-0.37787312904040704,3.89,4.979625468164796
-0.6184628556827501,-0.5614548738087838,3.22,3.636945054945058
-0.7975762793081644,-0.5614548738087838,1.91,3.636945054945058
-0.8604710692835007,-0.6601291960434966,1.45,2.915260663507114
-0.8262891182099484,-0.6601291960434966,1.7,2.915260663507114
-0.6088919093821554,-0.2320172279826286,3.29,6.046386554621852
1.1836096049149303,1.155359602369298,16.4,16.193385093167702
2.291104819698027,1.957554782045754,24.5,22.060481283422472
1.5254291156504538,1.5461336117292883,18.9,19.05142857142855
0.40426112043793655,0.41106416240769694,10.7,10.749756097560972
-0.2410941158307319,-0.058376050092106585,5.98,7.316363636363636
-0.4653277148732355,-0.25802917369594464,4.34,5.856140350877192
-0.6211974117686342,-0.42077788972548824,3.2,4.665828571428569
-0.7374160454187122,-0.5026859580157763,2.35,4.066769230769231
-0.8577365131976166,-0.6601291960434966,1.47,2.915260663507114
-0.8837147960135163,-0.6601291960434966,1.28,2.915260663507114
-0.8317582303817168,-0.6601291960434966,1.66,2.915260663507114
-0.6266665239404026,-0.37787312904040704,3.16,4.979625468164796
0.9921906789030374,0.9966196531771058,15.0,15.032392638036796
2.1270314545449756,1.885051557353398,23.3,21.530207100591713
0.9238267767559326,1.4899110081889508,14.5,18.640227617602374
-0.04694063373295448,0.26114812768318757,7.4,9.6533
-0.32586535449314175,-0.2320172279826286,5.36,6.046386554621852
-0.5282225048485718,-0.30645536815804225,3.88,5.5019607843137255
-0.7210087089034072,-0.5026859580157763,2.47,4.066769230769231
-0.8003108353940487,-0.6601291960434966,1.89,2.915260663507114
-0.8659401814552692,-0.6601291960434966,1.41,2.915260663507114
-0.8973875764429373,-0.6601291960434966,1.18,2.915260663507114
-0.9247331373017793,-0.6601291960434966,0.98,2.915260663507114
-0.6252992458974606,-0.38641623925200597,3.17,4.917142857142857
1.4707379939327703,1.155359602369298,18.5,16.193385093167702
1.4297196526445073,1.885051557353398,18.2,21.530207100591713
0.4589522421556204,0.7543051209241521,11.1,13.260152284263956
-0.2807451790760526,-0.058376050092106585,5.69,7.316363636363636
-0.48857144160325106,-0.25802917369594464,4.17,5.856140350877192
-0.6129937435109817,-0.42077788972548824,3.26,4.665828571428569
-0.7798016647499172,-0.5614548738087838,2.04,3.636945054945058
-0.8563692351546746,-0.6601291960434966,1.48,2.915260663507114
-0.8837147960135163,-0.6601291960434966,1.28,2.915260663507114
-0.8987548544858794,-0.6601291960434966,1.17,2.915260663507114
-0.8577365131976166,-0.6601291960434966,1.47,2.915260663507114
-0.82082000603818,-0.37787312904040704,1.74,4.979625468164796
-0.16999565759774304,0.48325940736347966,6.5,11.277777777777775
0.6093528268792507,1.3466368521147871,12.2,17.59234890109883
-0.027798741131765198,0.31633099802114323,7.54,10.056896551724137
-0.4954078318179615,-0.24941450294570874,4.12,5.919146341463415
-0.6717866993574917,-0.4015148953547806,2.83,4.806714285714287
-0.8235545621240643,-0.49576646212430636,1.72,4.117377049180332
-0.9014894105717637,-0.6601291960434966,1.15,2.915260663507114
-0.9124276349153003,-0.6601291960434966,1.07,2.915260663507114
-0.9288349714306054,-0.6601291960434966,0.95,2.915260663507114
-0.9219985812158951,-0.6601291960434966,1.0,2.915260663507114
-0.9247331373017793,-0.6811472951899413,0.98,2.7615384615384624
-0.7839034988787436,-0.6468028005728226,2.01,3.0127272727272727
1.5937930177975586,1.4871453304480753,19.4,18.619999999999997
1.6758297003740845,1.615421917196858,20.0,19.558189473684212
1.1972823853443513,0.7185469127857731,16.5,12.998623853211008
0.40426112043793655,0.21494569910749278,10.7,9.315384615384616
-0.11120270175123301,-0.24941450294570874,6.93,5.919146341463415
-0.44208398814321986,-0.30645536815804225,4.51,5.5019607843137255
-0.6362374702409973,-0.5387858303738824,3.09,3.802741935483872
-0.7674961623634383,-0.6444652102951803,2.13,3.029823943661973
-0.8727765716699796,-0.6601291960434966,1.36,2.915260663507114
-0.8987548544858794,-0.6601291960434966,1.17,2.915260663507114
-0.8591037912405587,-0.6601291960434966,1.46,2.915260663507114
-0.6690521432716074,-0.42077788972548824,2.85,4.665828571428569
0.40426112043793655,1.0194419447244336,10.7,15.199310344827577
0.9785178984736165,1.8221894901672349,14.9,21.070446428571433
0.9511723376147744,0.8297832690353192,14.7,13.812184466019424
0.04740155123004998,0.29202141951956634,8.09,9.879101123595504
-0.33817085687962073,-0.17501831163304007,5.27,6.4632653061224525
-0.5323243389773981,-0.30645536815804225,3.85,5.5019607843137255
-0.7305796552040019,-0.5026859580157763,2.4,4.066769230769231
-0.8385946205964272,-0.6601291960434966,1.61,2.915260663507114
-0.8973875764429373,-0.6601291960434966,1.18,2.915260663507114
-0.9096930788294162,-0.6601291960434966,1.09,2.915260663507114
-0.8755111277558638,-0.6601291960434966,1.34,2.915260663507114
-0.37372008599611517,-0.37787312904040704,5.01,4.979625468164796
2.359468721845132,1.884008078180407,25.0,21.522575301204768
2.5782332087158673,2.468778526708691,26.6,25.799470198675518
2.003976430680187,1.636004090995622,22.4,19.708723404255316
0.7597534116028813,0.6507012007985685,13.3,12.502413793103447
0.018688712328265997,-0.15908163286558571,7.88,6.579823008849558
-0.3244980764501997,-0.30645536815804225,5.37,5.5019607843137255
-0.5241206707197456,-0.3381198390421977,3.91,5.270373134328356
-0.5692408461368347,-0.5614548738087838,3.58,3.636945054945058
-0.7415178795475387,-0.5614548738087838,2.32,3.636945054945058
-0.8290236742958327,-0.6601291960434966,1.68,2.915260663507114
-0.8044126695228748,-0.6601291960434966,1.86,2.915260663507114
-0.3983310907690728,-0.3381198390421977,4.83,5.270373134328356
1.3340101896385608,1.614261723826704,17.5,19.549704049844177
2.7423065738689183,2.017105718087534,27.8,22.496024999999964
2.0586675523978712,1.9475133166188479,22.8,21.98703999999998
0.5273161443027251,1.2637995742905987,11.6,16.986493506493503
-0.03873696547530196,-0.058376050092106585,7.46,7.316363636363636
-0.33817085687962073,-0.25802917369594464,5.27,5.856140350877192
-0.5131824463762087,-0.3381198390421977,3.99,5.270373134328356
-0.46669499291617755,-0.4619473889828127,4.33,4.364723032069973
-0.49950966594678786,-0.5387858303738824,4.09,3.802741935483872
-0.517284280505035,-0.5387858303738824,3.96,3.802741935483872
-0.617095577639808,-0.5614548738087838,3.23,3.636945054945058
-0.34910908122315737,-0.35699722377859266,5.19,5.132307692307691
0.800771752891144,1.3806178923075814,13.6,17.840879478827368
1.3613557504974025,1.8955786274357385,17.7,21.607200000000002
0.4589522421556204,1.0327066250034285,11.1,15.29632558139535
-0.2096467208430638,0.31633099802114323,6.21,10.056896551724137
-0.4325130418426252,-0.17501831163304007,4.58,6.4632653061224525
-0.5883827387380239,-0.3948757102756122,3.44,4.855271966527199
-0.7606597721487278,-0.4619473889828127,2.18,4.364723032069973
-0.7975762793081644,-0.4619473889828127,1.91,4.364723032069973
-0.8509001229829061,-0.4619473889828127,1.52,4.364723032069973
-0.8741438497129217,-0.4619473889828127,1.35,4.364723032069973
-0.8509001229829061,-0.5483981930432054,1.52,3.732439024390242
-0.5282225048485718,-0.3764546420819991,3.88,4.990000000000002
1.2109551657737725,1.3380077398488497,16.6,17.529237288135533
1.785211943809452,1.5514960615476363,20.8,19.090648464163817
0.6640439485969346,0.7185469127857731,12.6,12.998623853211008
-0.21921766714365848,-0.12123489847595263,6.14,6.856626506024097
-0.45575676857264075,-0.2592952207876945,4.41,5.846880733944959
-0.6047900752533292,-0.47293291126024006,3.32,4.2843771043771035
-0.7729652745352067,-0.5614548738087838,2.09,3.636945054945058
-0.8317582303817168,-0.6601291960434966,1.66,2.915260663507114
-0.8714092936270376,-0.6601291960434966,1.37,2.915260663507114
-0.8919184642711689,-0.6601291960434966,1.22,2.915260663507114
-0.8249218401670063,-0.6601291960434966,1.71,2.915260663507114
-0.3244980764501997,-0.37787312904040704,5.37,4.979625468164796
1.4297196526445073,1.65779267891871,18.2,19.86808080808083
1.3750285309268238,1.885051557353398,17.8,21.530207100591713
0.9921906789030374,0.6480573130179194,15.0,12.483076923076922
0.16635474096601233,-0.03809154229975152,8.96,7.464720496894411
-0.3244980764501997,-0.2371802824328102,5.37,6.008625
-0.5364261731062244,-0.3381198390421977,3.82,5.270373134328356
-0.7346814893328281,-0.5614548738087838,2.37,3.636945054945058
-0.8180854499522958,-0.6601291960434966,1.76,2.915260663507114
-0.8768784057988059,-0.6601291960434966,1.33,2.915260663507114
-0.8973875764429373,-0.6601291960434966,1.18,2.915260663507114
-0.8809802399276322,-0.6601291960434966,1.3,2.915260663507114
-0.6512775287133604,-0.3686307732807196,2.98,5.0472222222222225
1.0468818006207212,1.080198227061583,15.4,15.643669724770625
1.621138578656401,1.884008078180407,19.6,21.522575301204768
0.9648451180441955,1.158097859539362,14.8,16.213412162162186
-0.02096235091705475,0.014786272914035415,7.59,7.851458333333333
-0.41610570532732005,-0.25802917369594464,4.7,5.856140350877192
-0.5760772363515451,-0.42077788972548824,3.53,4.665828571428569
-0.7729652745352067,-0.5614548738087838,2.09,3.636945054945058
-0.8591037912405587,-0.6601291960434966,1.46,2.915260663507114
-0.9219985812158951,-0.6601291960434966,1.0,2.915260663507114
-0.9493441420747369,-0.6601291960434966,0.8,2.915260663507114
-0.935671361645316,-0.6601291960434966,0.9,2.915260663507114
-0.6102591874250974,-0.530957060934456,3.28,3.8599999999999994
1.5117563352210333,1.2678284994672808,18.8,17.015960264900684
2.1680497958332388,2.148905141054183,23.6,23.459979797979784
1.115245702767826,1.4327869853969284,15.9,18.222433862433867
0.06791072187418144,0.12833644664575825,8.24,8.681941747572816
-0.39149470055436236,-0.2592952207876945,4.88,5.846880733944959
-0.5624044559221242,-0.47293291126024006,3.63,4.2843771043771035
-0.7374160454187122,-0.5614548738087838,2.35,3.636945054945058
-0.8481655668970219,-0.6601291960434966,1.54,2.915260663507114
-0.8946530203570531,-0.6601291960434966,1.2,2.915260663507114
-0.8700420155840954,-0.6601291960434966,1.38,2.915260663507114
-0.7784343867069752,-0.6601291960434966,2.05,2.915260663507114
-0.49267327573207736,-0.37787312904040704,4.14,4.979625468164796
1.6895024808035055,1.5514960615476363,20.1,19.090648464163817
1.8672486263859776,2.148905141054183,21.4,23.459979797979784
1.1562640440560885,1.0642840264436944,16.2,15.52727642276422
-0.07018436046297008,0.21494569910749278,7.23,9.315384615384616
-0.3518436373090416,-0.25802917369594464,5.17,5.856140350877192
-0.5118151683332667,-0.3381198390421977,4.0,5.270373134328356
-0.6963977041304495,-0.5387858303738824,2.65,3.802741935483872
-0.805779947565817,-0.6601291960434966,1.85,2.915260663507114
-0.878245683841748,-0.6601291960434966,1.32,2.915260663507114
-0.8577365131976166,-0.6601291960434966,1.47,2.915260663507114
-0.8358600645105431,-0.6601291960434966,1.63,2.915260663507114
-0.36825097382434674,-0.3686307732807196,5.05,5.0472222222222225
1.4023740917856655,1.65779267891871,18.0,19.86808080808083
1.9903036502507663,1.885051557353398,22.3,21.530207100591713
0.8964812158970908,1.273772429674509,14.3,17.059432989690723
0.03372877080062908,-0.05157547455648715,7.99,7.366101694915254
-0.29441795950547367,-0.25802917369594464,5.59,5.856140350877192
-0.5336916170203402,-0.28905012718873785,3.84,5.6292592592592605
-0.7114377626028124,-0.5614548738087838,2.54,3.636945054945058
-0.8085145036517012,-0.6601291960434966,1.83,2.915260663507114
-0.8714092936270376,-0.6601291960434966,1.37,2.915260663507114
-0.8864493520994006,-0.6601291960434966,1.26,2.915260663507114
-0.8426964547252536,-0.6601291960434966,1.58,2.915260663507114
-0.5241206707197456,-0.3686307732807196,3.91,5.0472222222222225
0.7734261920323022,1.3466368521147871,13.4,17.59234890109883
1.2109551657737725,1.885051557353398,16.6,21.530207100591713
0.6503711681675137,0.6855942575673427,12.5,12.757614678899081
-0.17683204781245349,-0.058376050092106585,6.45,7.316363636363636
-0.44618582227204606,-0.25802917369594464,4.48,5.856140350877192
-0.5883827387380239,-0.42077788972548824,3.44,4.665828571428569
-0.7647616062775542,-0.5614548738087838,2.15,3.636945054945058
-0.834492786467601,-0.6601291960434966,1.64,2.915260663507114
-0.8755111277558638,-0.6601291960434966,1.34,2.915260663507114
-0.8768784057988059,-0.6601291960434966,1.33,2.915260663507114
-0.7319469332469439,-0.6601291960434966,2.39,2.915260663507114
-0.46259315878735124,-0.38641623925200597,4.36,4.917142857142857
1.5664474569387168,1.3466368521147871,19.2,17.59234890109883
1.7578663829506103,1.957554782045754,20.6,22.060481283422472
0.9238267767559326,0.7947930647697942,14.5,13.556273062730643
0.08021622426066027,0.014786272914035415,8.33,7.851458333333333
-0.343639969051389,-0.25004978701200253,5.23,5.914500000000001
-0.5200188365909192,-0.3381198390421977,3.94,5.270373134328356
-0.6608484750139549,-0.5614548738087838,2.91,3.636945054945058
-0.7811689427928593,-0.6444652102951803,2.03,3.029823943661973
-0.8618383473264428,-0.6601291960434966,1.44,2.915260663507114
-0.8809802399276322,-0.6601291960434966,1.3,2.915260663507114
-0.8823475179705743,-0.6601291960434966,1.29,2.915260663507114
-0.487204163560309,-0.3764546420819991,4.18,4.990000000000002
1.074227361479563,1.5179992366149055,15.6,18.845659340659335
1.4433924330739285,1.885051557353398,18.3,21.530207100591713
0.7597534116028813,0.6855942575673427,13.3,12.757614678899081
-0.22605405735836892,-0.05157547455648715,6.09,7.366101694915254
-0.5104478902903246,-0.25802917369594464,4.01,5.856140350877192
-0.7032340943451598,-0.42077788972548824,2.6,4.665828571428569
-0.8358600645105431,-0.6149240183951352,1.63,3.2458823529411767
-0.8796129618846902,-0.6601291960434966,1.31,2.915260663507114
-0.9001221325288215,-0.6601291960434966,1.16,2.915260663507114
-0.878245683841748,-0.6601291960434966,1.32,2.915260663507114
-0.7087032065169283,-0.6601291960434966,2.56,2.915260663507114
-0.19870849649952702,-0.3524296136131597,6.29,5.1657142857142855
1.4297196526445073,1.651484760517588,18.2,19.82194594594592
1.6758297003740845,1.561449335146777,20.0,19.163444730077103
0.6366983877380928,0.7436113678421767,12.4,13.181940298507463
-0.0606134141623755,-0.12123489847595263,7.3,6.856626506024097
-0.39969836881201487,-0.2592952207876945,4.82,5.846880733944959
-0.5569353437503558,-0.5387858303738824,3.67,3.802741935483872
-0.7305796552040019,-0.5614548738087838,2.4,3.636945054945058
-0.8167181719093537,-0.6601291960434966,1.77,2.915260663507114
-0.8755111277558638,-0.6601291960434966,1.34,2.915260663507114
-0.8686747375411534,-0.6601291960434966,1.39,2.915260663507114
-0.6143610215539238,-0.6601291960434966,3.25,2.915260663507114
0.14037645815011238,-0.007998529472863034,8.77,7.684814814814815
2.113358674115555,1.885051557353398,23.2,21.530207100591713
2.291104819698027,2.1867181586534965,24.5,23.736536697247676
1.4023740917856655,1.4899110081889508,18.0,18.640227617602374
0.2962461550455112,0.2437683992686295,9.91,9.526188118811879
-0.29578523754841574,-0.2320172279826286,5.58,6.046386554621852
-0.4776332172597143,-0.3381198390421977,4.25,5.270373134328356
-0.6553793628421866,-0.5387858303738824,2.95,3.802741935483872
-0.7688634404063804,-0.6444652102951803,2.12,3.029823943661973
-0.8481655668970219,-0.6601291960434966,1.54,2.915260663507114
-0.849532844939964,-0.6601291960434966,1.53,2.915260663507114
-0.8317582303817168,-0.4619473889828127,1.66,4.364723032069973
-0.4571240466155828,-0.15784362519567638,4.4,6.588877551020406
1.4433924330739285,1.561449335146777,18.3,19.163444730077103
1.347682970067982,1.885051557353398,17.6,21.530207100591713
0.5546617051615672,0.6855942575673427,11.8,12.757614678899081
-0.28758156929076323,-0.058376050092106585,5.64,7.316363636363636
-0.5090806122473825,-0.2592952207876945,4.02,5.846880733944959
-0.6690521432716074,-0.4015148953547806,2.85,4.806714285714287
-0.8139836158234696,-0.6149240183951352,1.79,3.2458823529411767
-0.8536346790687903,-0.6601291960434966,1.5,2.915260663507114
-0.8919184642711689,-0.6601291960434966,1.22,2.915260663507114
-0.9096930788294162,-0.6601291960434966,1.09,2.915260663507114
-0.9028566886147057,-0.6601291960434966,1.14,2.915260663507114
-0.6690521432716074,-0.3764546420819991,2.85,4.990000000000002
1.115245702767826,1.0949238304857412,15.9,15.751369863013696
1.8535758459565568,1.65779267891871,21.3,19.86808080808083
0.9921906789030374,0.9767886938898945,15.0,14.887352941176463
0.1198672875059809,-0.058376050092106585,8.62,7.316363636363636
-0.39696381272613074,-0.2371802824328102,4.84,6.008625
-0.5692408461368347,-0.5026859580157763,3.58,4.066769230769231
-0.7497215478051912,-0.5614548738087838,2.26,3.636945054945058
-0.8290236742958327,-0.6601291960434966,1.68,2.915260663507114
-0.878245683841748,-0.6601291960434966,1.32,2.915260663507114
-0.8850820740564584,-0.6601291960434966,1.27,2.915260663507114
-0.8262891182099484,-0.6601291960434966,1.7,2.915260663507114
-0.473531383130888,-0.37787312904040704,4.28,4.979625468164796
1.5254291156504538,1.5514960615476363,18.9,19.090648464163817
2.0723403328272916,2.148905141054183,22.9,23.459979797979784
1.1015729223384048,1.3387554487287718,15.8,17.53470588235294
-0.003187736358807536,0.12833644664575825,7.72,8.681941747572816
-0.36825097382434674,-0.25802917369594464,5.05,5.856140350877192
-0.48857144160325106,-0.3764546420819991,4.17,4.990000000000002
-0.5842809046091977,-0.5387858303738824,3.47,3.802741935483872
-0.6690521432716074,-0.5614548738087838,2.85,3.636945054945058
-0.8290236742958327,-0.6444652102951803,1.68,3.029823943661973
-0.8399618986393693,-0.6601291960434966,1.6,2.915260663507114
-0.8126163377805274,-0.6601291960434966,1.8,2.915260663507114
-0.6102591874250974,-0.3764546420819991,3.28,4.990000000000002
0.7324078507440394,1.0949238304857412,13.1,15.751369863013696
1.9629580893919245,1.885051557353398,22.1,21.530207100591713
1.0332090201913002,1.3806178923075814,15.3,17.840879478827368
0.19233302378191205,0.0752729882592542,9.15,8.293846153846154
-0.24656322800250027,-0.2320172279826286,5.94,6.046386554621852
-0.4653277148732355,-0.2592952207876945,4.34,5.846880733944959
-0.6540120847992446,-0.47293291126024006,2.96,4.2843771043771035
-0.7702307184493224,-0.6149240183951352,2.11,3.2458823529411767
-0.8467982888540798,-0.6601291960434966,1.55,2.915260663507114
-0.8618383473264428,-0.6601291960434966,1.44,2.915260663507114
-0.8262891182099484,-0.6601291960434966,1.7,2.915260663507114
-0.23152316953013732,-0.38641623925200597,6.05,4.917142857142857
1.7441936025211893,1.884008078180407,20.5,21.522575301204768
2.1817225762626595,1.885051557353398,23.7,21.530207100591713
1.1836096049149303,1.3387554487287718,16.4,17.53470588235294
0.08568533643242854,0.21494569910749278,8.37,9.315384615384616
-0.34090541296550486,-0.22535488108640986,5.25,6.095113636363637
-0.48857144160325106,-0.30645536815804225,4.17,5.5019607843137255
-0.6499102506704182,-0.5026859580157763,2.99,4.066769230769231
-0.7620270501916699,-0.6444652102951803,2.17,3.029823943661973
-0.849532844939964,-0.6601291960434966,1.53,2.915260663507114
-0.8509001229829061,-0.6601291960434966,1.52,2.915260663507114
-0.7401506015045964,-0.6601291960434966,2.33,2.915260663507114
-0.08795897502121741,-0.22196220336124298,7.1,6.119927007299269
1.8535758459565568,1.956739548669421,21.3,22.054518828451876
2.2364136979803435,1.885051557353398,24.1,21.530207100591713
1.3613557504974025,1.4899110081889508,17.7,18.640227617602374
0.06517616578829731,0.2355614857423277,8.22,9.466164383561644
-0.3477418031802153,-0.25802917369594464,5.2,5.856140350877192
-0.5118151683332667,-0.30645536815804225,4.0,5.5019607843137255
-0.675888533486318,-0.5026859580157763,2.8,4.066769230769231
-0.7606597721487278,-0.6444652102951803,2.18,3.029823943661973
-0.8454310108111378,-0.6601291960434966,1.56,2.915260663507114
-0.8604710692835007,-0.6601291960434966,1.45,2.915260663507114
-0.849532844939964,-0.6444652102951803,1.53,3.029823943661973
-0.30809073993489455,-0.15784362519567638,5.49,6.588877551020406
1.539101896079875,1.884008078180407,19.0,21.522575301204768
2.209068137121501,2.148905141054183,23.9,23.459979797979784
1.1015729223384048,1.5461336117292883,15.8,19.05142857142855
-0.044206077647070345,0.12833644664575825,7.42,8.681941747572816
-0.4366148759714515,-0.25802917369594464,4.55,5.856140350877192
-0.6020555191674449,-0.4015148953547806,3.34,4.806714285714287
-0.7715979964922646,-0.5483981930432054,2.1,3.732439024390242
-0.82082000603818,-0.6601291960434966,1.74,2.915260663507114
-0.8727765716699796,-0.6601291960434966,1.36,2.915260663507114
-0.9042239666576478,-0.6601291960434966,1.13,2.915260663507114
-0.8536346790687903,-0.6601291960434966,1.5,2.915260663507114
-0.5186515585479771,-0.3686307732807196,3.95,5.0472222222222225
1.6498514175581844,1.5514960615476363,19.81,19.090648464163817
1.9930382063366505,2.148905141054183,22.32,23.459979797979784
0.899215771982975,1.3387554487287718,14.32,17.53470588235294
-0.227421335401311,-0.05157547455648715,6.08,7.366101694915254
-0.42567665162791474,-0.2592952207876945,4.63,5.846880733944959
-0.5692408461368347,-0.47293291126024006,3.58,4.2843771043771035
-0.7579252160628437,-0.5614548738087838,2.2,3.636945054945058
-0.7579252160628437,-0.6601291960434966,2.2,2.915260663507114
-0.8399618986393693,-0.6601291960434966,1.6,2.915260663507114
-0.8796129618846902,-0.6601291960434966,1.31,2.915260663507114
-0.8591037912405587,-0.6601291960434966,1.46,2.915260663507114
-0.5514662315785874,-0.37787312904040704,3.71,4.979625468164796
2.114725952158497,1.5341117666620028,23.21,18.96350318471337
2.746408407997744,2.468778526708691,27.83,25.799470198675518
1.6115676323558061,1.636004090995622,19.53,19.708723404255316
0.2511259796284221,0.37478353280026994,9.58,10.484406779661018
-0.2930506814625316,-0.2371802824328102,5.6,6.008625
-0.4858368855173668,-0.30645536815804225,4.19,5.5019607843137255
-0.6061573532962713,-0.5387858303738824,3.31,3.802741935483872
-0.7155395967316388,-0.5614548738087838,2.51,3.636945054945058
-0.7798016647499172,-0.6601291960434966,2.04,2.915260663507114
-0.7469869917193069,-0.6601291960434966,2.28,2.915260663507114
-0.7866380549646277,-0.6601291960434966,1.99,2.915260663507114
-0.5213861146338613,-0.3764546420819991,3.93,4.990000000000002
0.7365096848728657,1.5341117666620028,13.13,18.96350318471337
1.465268881761002,1.9157689385211658,18.46,21.75486792452823
0.7269387385722711,0.6855942575673427,13.06,12.757614678899081
0.04740155123004998,-0.05157547455648715,8.09,7.366101694915254
-0.38739286642553605,-0.25802917369594464,4.91,5.856140350877192
-0.5733426802656609,-0.4015148953547806,3.55,4.806714285714287
-0.7497215478051912,-0.47293291126024006,2.26,4.2843771043771035
-0.7073359284739863,-0.6601291960434966,2.57,2.915260663507114
-0.7907398890934539,-0.6601291960434966,1.96,2.915260663507114
-0.8645729034123271,-0.6601291960434966,1.42,2.915260663507114
-0.8700420155840954,-0.6601291960434966,1.38,2.915260663507114
-0.6403393043698236,-0.38641623925200597,3.06,4.917142857142857
1.0373108543201264,0.8751080597411603,15.33,14.143680981595082
1.4119450380862602,1.884008078180407,18.07,21.522575301204768
0.4425449056403154,0.7436113678421767,10.98,13.181940298507463
-0.4065347590267254,-0.058376050092106585,4.77,7.316363636363636
-0.574709958308603,-0.3948757102756122,3.54,4.855271966527199
-0.7278450991181176,-0.47293291126024006,2.42,4.2843771043771035
-0.7866380549646277,-0.6601291960434966,1.99,2.915260663507114
-0.7510888258481332,-0.6601291960434966,2.25,2.915260663507114
-0.8112490597375854,-0.6601291960434966,1.81,2.915260663507114
-0.8891839081852847,-0.6601291960434966,1.24,2.915260663507114
-0.8385946205964272,-0.6601291960434966,1.61,2.915260663507114
-0.4653277148732355,-0.38641623925200597,4.34,4.917142857142857
0.5874763781921772,1.3466368521147871,12.04,17.59234890109883
0.9238267767559326,1.5514960615476363,14.5,19.090648464163817
0.4739923006279836,0.31633099802114323,11.21,10.056896551724137
0.06791072187418144,-0.22535488108640986,8.24,6.095113636363637
-0.40516748098378325,-0.30645536815804225,4.78,5.5019607843137255
-0.5911172948239082,-0.5387858303738824,3.42,3.802741935483872
-0.7100704845598704,-0.5614548738087838,2.55,3.636945054945058
-0.6881940358727968,-0.6601291960434966,2.71,2.915260663507114
-0.7073359284739863,-0.6444652102951803,2.57,3.029823943661973
-0.8098817816946432,-0.6601291960434966,1.82,2.915260663507114
-0.8139836158234696,-0.6601291960434966,1.79,2.915260663507114
-0.4366148759714515,-0.37787312904040704,4.55,4.979625468164796
1.7236844318770579,1.3466368521147871,20.35,17.59234890109883
1.7332553781776527,1.885051557353398,20.42,21.530207100591713
0.9962925130318635,0.7185469127857731,15.03,12.998623853211008
-0.15632287716832213,0.0752729882592542,6.6,8.293846153846154
-0.4407167101002778,-0.25802917369594464,4.52,5.856140350877192
-0.5815463485233134,-0.47293291126024006,3.49,4.2843771043771035
-0.7620270501916699,-0.5614548738087838,2.17,3.636945054945058
-0.6663175871857233,-0.6601291960434966,2.87,2.915260663507114
-0.7319469332469439,-0.6444652102951803,2.39,3.029823943661973
-0.7989435573511066,-0.6601291960434966,1.9,2.915260663507114
-0.8426964547252536,-0.6601291960434966,1.58,2.915260663507114
-0.6895613139157389,-0.3686307732807196,2.7,5.0472222222222225
1.0810637516942736,0.9966196531771058,15.65,15.032392638036796
2.334857717072174,1.885051557353398,24.82,21.530207100591713
0.900583050025917,1.615421917196858,14.33,19.558189473684212
-0.09069353110710154,-0.05157547455648715,7.08,7.366101694915254
-0.4366148759714515,-0.2592952207876945,4.55,5.846880733944959
-0.6034227972103869,-0.47293291126024006,3.33,4.2843771043771035
-0.7497215478051912,-0.5614548738087838,2.26,3.636945054945058
-0.6540120847992446,-0.6149240183951352,2.96,3.2458823529411767
-0.7059686504310441,-0.6444652102951803,2.58,3.029823943661973
-0.7688634404063804,-0.6601291960434966,2.12,2.915260663507114
-0.7975762793081644,-0.6601291960434966,1.91,2.915260663507114
-0.4831023294314827,-0.42077788972548824,4.21,4.665828571428569
1.2314643364179036,1.5514960615476363,16.75,19.090648464163817
1.4324542087303915,1.885051557353398,18.22,21.530207100591713
0.668145782725761,0.6480573130179194,12.63,12.483076923076922
-0.3094580179778366,-0.058376050092106585,5.48,7.316363636363636
-0.49404055377501943,-0.30645536815804225,4.13,5.5019607843137255
-0.6690521432716074,-0.47293291126024006,2.85,4.2843771043771035
-0.7579252160628437,-0.6444652102951803,2.2,3.029823943661973
-0.6690521432716074,-0.6149240183951352,2.85,3.2458823529411767
-0.7223759869463492,-0.6444652102951803,2.46,3.029823943661973
-0.8112490597375854,-0.6601291960434966,1.81,2.915260663507114
-0.8249218401670063,-0.6601291960434966,1.71,2.915260663507114
-0.5651390120080083,-0.3764546420819991,3.61,4.990000000000002
0.9853542886883268,1.0949238304857412,14.95,15.751369863013696
1.541836452165759,1.670052259561221,19.02,19.95774494556768
1.2013842194731779,0.7543051209241521,16.53,13.260152284263956
0.12396912163480733,0.21494569910749278,8.65,9.315384615384616
-0.28758156929076323,-0.2371802824328102,5.64,6.008625
-0.4981423879038458,-0.30645536815804225,4.1,5.5019607843137255
-0.6745212554433759,-0.5387858303738824,2.81,3.802741935483872
-0.6950304260875073,-0.6149240183951352,2.66,3.2458823529411767
-0.7004995382592757,-0.6444652102951803,2.62,3.029823943661973
-0.7374160454187122,-0.6601291960434966,2.35,2.915260663507114
-0.8618383473264428,-0.6601291960434966,1.44,2.915260663507114
-0.21648311105777424,-0.38641623925200597,6.16,4.917142857142857
2.379977892489263,1.6147915300570597,25.15,19.553578947368425
2.7587139103842238,2.4106803566811235,27.92,25.374551724137945
1.119347536896652,1.636004090995622,15.93,19.708723404255316
0.21831130659781178,0.12833644664575825,9.34,8.681941747572816
-0.20281033062835332,-0.2320172279826286,6.26,6.046386554621852
-0.4188402614132043,-0.2592952207876945,4.68,5.846880733944959
-0.5473643974497611,-0.5026859580157763,3.74,4.066769230769231
-0.5829136265662557,-0.5614548738087838,3.48,3.636945054945058
-0.6717866993574917,-0.5614548738087838,2.83,3.636945054945058
-0.6485429726274761,-0.6444652102951803,3.0,3.029823943661973
-0.6553793628421866,-0.6444652102951803,2.95,3.029823943661973
-0.6211974117686342,-0.22196220336124298,3.2,6.119927007299269
0.9853542886883268,1.0949238304857412,14.95,15.751369863013696
2.0340565476249135,1.8146084217327072,22.62,21.015
1.0099652934612846,1.3806178923075814,15.13,17.840879478827368
-0.1303445943524223,0.0752729882592542,6.79,8.293846153846154
-0.386025588382594,-0.2320172279826286,4.92,6.046386554621852
-0.5159170024620929,-0.3948757102756122,3.97,4.855271966527199
-0.6198301337256922,-0.4619473889828127,3.21,4.364723032069973
-0.6745212554433759,-0.47293291126024006,2.81,4.2843771043771035
-0.6922958700016231,-0.6149240183951352,2.68,3.2458823529411767
-0.7087032065169283,-0.6149240183951352,2.56,3.2458823529411767
-0.8358600645105431,-0.6149240183951352,1.63,3.2458823529411767
-0.31219257406372086,-0.38641623925200597,5.46,4.917142857142857
1.2177915559884827,1.6621401715499216,16.65,19.89987750556788
1.5965275738834432,1.885051557353398,19.42,21.530207100591713
1.1056747564672313,0.7543051209241521,15.83,13.260152284263956
0.31265349156081623,0.12833644664575825,10.03,8.681941747572816
-0.3108252960207788,-0.2320172279826286,5.47,6.046386554621852
-0.5295897828915139,-0.3381198390421977,3.87,5.270373134328356
-0.6362374702409973,-0.5026859580157763,3.09,4.066769230769231
-0.6840922017439706,-0.6149240183951352,2.74,3.2458823529411767
-0.6881940358727968,-0.6444652102951803,2.71,3.029823943661973
-0.6840922017439706,-0.6444652102951803,2.74,3.029823943661973
-0.7852707769216856,-0.6444652102951803,2.0,3.029823943661973
-0.49677510986090356,-0.3686307732807196,4.11,5.0472222222222225
1.4228832624297967,1.3466368521147871,18.15,17.59234890109883
1.7469281586070733,1.8221894901672349,20.52,21.070446428571433
0.9142558304553379,1.0642840264436944,14.43,15.52727642276422
-0.001820458315865349,0.014786272914035415,7.73,7.851458333333333
-0.35868002752375205,-0.25802917369594464,5.12,5.856140350877192
-0.4954078318179615,-0.3764546420819991,4.12,4.990000000000002
-0.6266665239404026,-0.49364990290560734,3.16,4.1328571428571435
-0.675888533486318,-0.6444652102951803,2.8,3.029823943661973
-0.6895613139157389,-0.6444652102951803,2.7,3.029823943661973
-0.6745212554433759,-0.6444652102951803,2.81,3.029823943661973
-0.7333142112898859,-0.6444652102951803,2.38,3.029823943661973
-0.42430937358497267,-0.3686307732807196,4.64,5.0472222222222225
1.7920483340241626,1.3466368521147871,20.85,17.59234890109883
2.0340565476249135,2.148905141054183,22.62,23.459979797979784
0.9826197326024426,1.3387554487287718,14.93,17.53470588235294
-0.12214092609476977,0.014786272914035415,6.85,7.851458333333333
-0.4106365931555516,-0.25802917369594464,4.74,5.856140350877192
-0.55966989983624,-0.4015148953547806,3.65,4.806714285714287
-0.7169068747745808,-0.5026859580157763,2.5,4.066769230769231
-0.7073359284739863,-0.6444652102951803,2.57,3.029823943661973
-0.6963977041304495,-0.6601291960434966,2.65,2.915260663507114
-0.7333142112898859,-0.6444652102951803,2.38,3.029823943661973
-0.8837147960135163,-0.6601291960434966,1.28,2.915260663507114
-0.6649503091427813,-0.35699722377859266,2.88,5.132307692307691
1.0537181908354314,1.0919134472436611,15.45,15.7293525179856
1.391435867442129,1.885051557353398,17.92,21.530207100591713
0.5997818805786563,0.6855942575673427,12.13,12.757614678899081
0.03919788297239734,-0.058376050092106585,8.03,7.316363636363636
-0.34500724709433117,-0.25802917369594464,5.22,5.856140350877192
-0.574709958308603,-0.3381198390421977,3.54,5.270373134328356
-0.6977649821733916,-0.5614548738087838,2.64,3.636945054945058
-0.6512775287133604,-0.6601291960434966,2.98,2.915260663507114
-0.7292123771610597,-0.6444652102951803,2.41,3.029823943661973
-0.8071472256087591,-0.6601291960434966,1.84,2.915260663507114
-0.8686747375411534,-0.6601291960434966,1.39,2.915260663507114
-0.6157282995968658,-0.38641623925200597,3.24,4.917142857142857
0.9853542886883268,1.0949238304857412,14.95,15.751369863013696
1.8426376216130198,1.884008078180407,21.22,21.522575301204768
0.668145782725761,1.1663791112105077,12.63,16.27397959183674
-0.17273021368362718,-0.058376050092106585,6.48,7.316363636363636
-0.5131824463762087,-0.25802917369594464,3.99,5.856140350877192
-0.6417065824127657,-0.4619473889828127,3.05,4.364723032069973
-0.7647616062775542,-0.6444652102951803,2.15,3.029823943661973
-0.7196414308604651,-0.6149240183951352,2.48,3.2458823529411767
-0.6868267578298548,-0.6601291960434966,2.72,2.915260663507114
-0.8085145036517012,-0.6444652102951803,1.83,3.029823943661973
-0.8454310108111378,-0.6601291960434966,1.56,2.915260663507114
-0.5268552268056297,-0.38641623925200597,3.89,4.917142857142857
1.956121699177214,1.3466368521147871,22.05,17.59234890109883
1.8016192803247575,2.3816709170251995,20.92,25.162382445141102
0.8595647087376541,0.7947930647697942,14.03,13.556273062730643
-0.16042471129714833,-0.05157547455648715,6.57,7.366101694915254
-0.4571240466155828,-0.30645536815804225,4.4,5.5019607843137255
-0.6307683580692289,-0.49364990290560734,3.13,4.1328571428571435
-0.7729652745352067,-0.6444652102951803,2.09,3.029823943661973
-0.6690521432716074,-0.6601291960434966,2.85,2.915260663507114
-0.7059686504310441,-0.6444652102951803,2.58,3.029823943661973
-0.7784343867069752,-0.6601291960434966,2.05,2.915260663507114
-0.8837147960135163,-0.6601291960434966,1.28,2.915260663507114
-0.28484701320487893,-0.3764546420819991,5.66,4.990000000000002
2.3389595512010004,1.885051557353398,24.85,21.530207100591713
2.8270778125313285,2.51020979604248,28.42,26.102490272373462
1.7619682170794362,1.6538393118500985,20.63,19.83916666666666
0.1431110142359965,0.6060832489504765,8.79,12.17608695652174
-0.3299671886219681,-0.2371802824328102,5.33,6.008625
-0.5008769439897299,-0.3381198390421977,4.08,5.270373134328356
-0.6526448067563024,-0.5387858303738824,2.97,3.802741935483872
-0.7333142112898859,-0.6149240183951352,2.38,3.2458823529411767
-0.704601372388102,-0.6601291960434966,2.59,2.915260663507114
-0.6868267578298548,-0.6601291960434966,2.72,2.915260663507114
-0.7469869917193069,-0.6444652102951803,2.28,3.029823943661973
-0.4639604368302934,-0.2714021124492816,4.35,5.758333333333335
1.5732838471534274,1.614261723826704,19.25,19.549704049844177
2.061402108483755,2.1867181586534965,22.82,23.736536697247676
1.4201487063439127,1.3387554487287718,18.13,17.53470588235294
-0.012758682659402115,0.2437683992686295,7.65,9.526188118811879
-0.3942292566402465,-0.25802917369594464,4.86,5.856140350877192
-0.5336916170203402,-0.4015148953547806,3.84,4.806714285714287
-0.6403393043698236,-0.5483981930432054,3.06,3.732439024390242
-0.6963977041304495,-0.6444652102951803,2.65,3.029823943661973
-0.7004995382592757,-0.6601291960434966,2.62,2.915260663507114
-0.6786230895722022,-0.6601291960434966,2.78,2.915260663507114
-0.7210087089034072,-0.6444652102951803,2.47,3.029823943661973
-0.2643378425607476,-0.3686307732807196,5.81,5.0472222222222225
1.6416477493005321,1.8221894901672349,19.75,21.070446428571433
1.7879464998953363,1.885051557353398,20.82,21.530207100591713
1.4748398280615966,1.0642840264436944,18.53,15.52727642276422
0.6695130607687031,0.3641542978449686,12.64,10.406666666666666
-0.2328904475730794,-0.17501831163304007,6.04,6.4632653061224525
-0.4776332172597143,-0.30645536815804225,4.25,5.5019607843137255
-0.5979536850386186,-0.49364990290560734,3.37,4.1328571428571435
-0.6922958700016231,-0.5614548738087838,2.68,3.636945054945058
-0.6567466408851287,-0.6444652102951803,2.94,3.029823943661973
-0.6157282995968658,-0.6444652102951803,3.24,3.029823943661973
-0.6403393043698236,-0.5614548738087838,3.06,3.636945054945058
-0.44618582227204606,-0.22196220336124298,4.48,6.119927007299269
1.3545193602826922,1.3806178923075814,17.65,17.840879478827368
1.8836559629012828,1.65779267891871,21.52,19.86808080808083
0.31538804764670064,1.1260222060525205,10.05,15.97881720430108
-0.35731274948081,0.541940908042419,5.13,11.70696261682243
-0.5583026217932978,-0.24941450294570874,3.66,5.919146341463415
-0.6731539774004339,-0.42077788972548824,2.82,4.665828571428569
-0.7702307184493224,-0.49576646212430636,2.11,4.117377049180332
-0.7333142112898859,-0.6601291960434966,2.38,2.915260663507114
-0.7223759869463492,-0.6149240183951352,2.46,3.2458823529411767
-0.7948417232222803,-0.49576646212430636,1.93,4.117377049180332
-0.8673074594982113,-0.5483981930432054,1.4,3.732439024390242
-0.37098552991023087,-0.3764546420819991,5.03,4.990000000000002
2.3116139903421584,1.65779267891871,24.65,19.86808080808083
2.307512156213332,2.197024518725428,24.62,23.81191536748328
1.1056747564672313,0.9645716624356073,15.83,14.798000000000002
0.12396912163480733,-0.058376050092106585,8.65,7.316363636363636
-0.35457819339492574,-0.24941450294570874,5.15,5.919146341463415
-0.5542007876644716,-0.3381198390421977,3.69,5.270373134328356
-0.6922958700016231,-0.5614548738087838,2.68,3.636945054945058
-0.7100704845598704,-0.6444652102951803,2.55,3.029823943661973
-0.6854594797869127,-0.6601291960434966,2.73,2.915260663507114
-0.7073359284739863,-0.6444652102951803,2.57,3.029823943661973
-0.8235545621240643,-0.6601291960434966,1.72,2.915260663507114
-0.5938518509097924,-0.3381198390421977,3.4,5.270373134328356
1.5049199450063226,1.155359602369298,18.75,16.193385093167702
3.0048239581138003,2.197024518725428,29.72,23.81191536748328
1.2287297803320196,1.7325010178780968,16.73,20.41448275862068
0.2962461550455112,0.21494569910749278,9.91,9.315384615384616
-0.3244980764501997,-0.2320172279826286,5.37,6.046386554621852
-0.5241206707197456,-0.3381198390421977,3.91,5.270373134328356
-0.6922958700016231,-0.5614548738087838,2.68,3.636945054945058
-0.7141723186886966,-0.6444652102951803,2.52,3.029823943661973
-0.6799903676151442,-0.6601291960434966,2.77,2.915260663507114
-0.7032340943451598,-0.6444652102951803,2.6,3.029823943661973
-0.8085145036517012,-0.6601291960434966,1.83,2.915260663507114
-0.5364261731062244,-0.37787312904040704,3.82,4.979625468164796
1.2861554581355874,1.3466368521147871,17.15,17.59234890109883
1.815292060754178,1.8955786274357385,21.02,21.607200000000002
0.94160139131418,1.0642840264436944,14.63,15.52727642276422
-0.12214092609476977,0.014786272914035415,6.85,7.851458333333333
-0.5090806122473825,-0.25802917369594464,4.02,5.856140350877192
-0.6211974117686342,-0.42077788972548824,3.2,4.665828571428569
-0.7524561038910753,-0.5614548738087838,2.24,3.636945054945058
-0.7155395967316388,-0.6601291960434966,2.51,2.915260663507114
-0.6690521432716074,-0.6601291960434966,2.85,2.915260663507114
-0.7237432649892913,-0.6444652102951803,2.45,3.029823943661973
-0.8659401814552692,-0.6601291960434966,1.41,2.915260663507114
-0.31629440819254717,-0.37787312904040704,5.43,4.979625468164796
2.0381583817537394,1.6621401715499216,22.65,19.89987750556788
2.649331666948856,2.51020979604248,27.12,26.102490272373462
1.5021853889204386,1.636004090995622,18.73,19.708723404255316
0.2606969259290168,0.41106416240769694,9.65,10.749756097560972
-0.24382867191661614,-0.2371802824328102,5.96,6.008625
-0.4571240466155828,-0.30645536815804225,4.4,5.5019607843137255
-0.6020555191674449,-0.5387858303738824,3.34,3.802741935483872
-0.6376047482839393,-0.5614548738087838,3.08,3.636945054945058
-0.6116264654680396,-0.6149240183951352,3.27,3.2458823529411767
-0.6389720263268815,-0.5614548738087838,3.07,3.636945054945058
-0.6157282995968658,-0.6444652102951803,3.24,3.029823943661973
-0.4133711492414359,-0.3381198390421977,4.72,5.270373134328356
1.1084093125531154,1.3806178923075814,15.85,17.840879478827368
2.0340565476249135,1.670052259561221,22.62,19.95774494556768
1.2424025607614402,1.3387554487287718,16.83,17.53470588235294
-0.03326785330353358,0.21494569910749278,7.5,9.315384615384616
-0.37372008599611517,-0.2320172279826286,5.01,6.046386554621852
-0.47216410508794593,-0.35594547143786776,4.29,5.140000000000001
-0.5815463485233134,-0.47293291126024006,3.49,4.2843771043771035
-0.6198301337256922,-0.5026859580157763,3.21,4.066769230769231
-0.6854594797869127,-0.47293291126024006,2.73,4.2843771043771035
-0.6663175871857233,-0.5483981930432054,2.87,3.732439024390242
-0.6430738604557077,-0.49576646212430636,3.04,4.117377049180332
-0.09616264327886992,-0.3686307732807196,7.04,5.0472222222222225
1.7373572123064787,1.6147915300570597,20.45,19.553578947368425
1.9383470846189668,1.615421917196858,21.92,19.558189473684212
0.7638552457317075,1.3387554487287718,13.33,17.53470588235294
-0.1850357160701061,-0.05157547455648715,6.39,7.366101694915254
-0.32176352036431555,-0.25802917369594464,5.39,5.856140350877192
-0.37098552991023087,-0.30645536815804225,5.03,5.5019607843137255
-0.5350588950632823,-0.3764546420819991,3.83,4.990000000000002
-0.6020555191674449,-0.5026859580157763,3.34,4.066769230769231
-0.6676848652286654,-0.5614548738087838,2.86,3.636945054945058
-0.5514662315785874,-0.6149240183951352,3.71,3.2458823529411767
-0.5200188365909192,-0.49364990290560734,3.94,4.1328571428571435
-0.256134174303095,0.0752729882592542,5.87,8.293846153846154
2.323919492728637,1.6147915300570597,24.74,19.553578947368425
2.713593734967134,2.237059357056176,27.59,24.104722222222215
1.5021853889204386,1.636004090995622,18.73,19.708723404255316
0.698225899670487,0.41106416240769694,12.85,10.749756097560972
-0.03600240938941771,-0.15908163286558571,7.48,6.579823008849558
-0.16042471129714833,-0.25802917369594464,6.57,5.856140350877192
-0.2328904475730794,-0.30645536815804225,6.04,5.5019607843137255
-0.2643378425607476,-0.28905012718873785,5.81,5.6292592592592605
-0.4489203783579303,-0.28905012718873785,4.46,5.6292592592592605
-0.4981423879038458,-0.42077788972548824,4.1,4.665828571428569
-0.38739286642553605,-0.42077788972548824,4.91,4.665828571428569
-0.32859991057902604,-0.15784362519567638,5.34,6.588877551020406
0.8117099772346807,1.6147915300570597,13.68,19.553578947368425
1.421515984386855,1.651484760517588,18.14,19.82194594594592
0.6695130607687031,1.0642840264436944,12.64,15.52727642276422
0.3468354426343686,0.6271332596419372,10.28,12.330042553191497
-0.1905048282418745,-0.058376050092106585,6.35,7.316363636363636
-0.37098552991023087,-0.17501831163304007,5.03,6.4632653061224525
-0.5227533926768034,-0.25004978701200253,3.92,5.914500000000001
-0.5883827387380239,-0.37787312904040704,3.44,4.979625468164796
-0.6047900752533292,-0.42077788972548824,3.32,4.665828571428569
-0.530957060934456,-0.42077788972548824,3.86,4.665828571428569
-0.6553793628421866,-0.42077788972548824,2.95,4.665828571428569
-0.35457819339492574,-0.35699722377859266,5.15,5.132307692307691
0.7980371968052599,1.3380077398488497,13.58,17.529237288135533
1.4474942672027544,1.615421917196858,18.33,19.558189473684212
0.3523045548061371,0.7436113678421767,10.32,13.181940298507463
-0.26160328647486336,-0.058376050092106585,5.83,7.316363636363636
-0.27117423277545805,-0.17501831163304007,5.76,6.4632653061224525
-0.26707239864663174,-0.25802917369594464,5.79,5.856140350877192
-0.473531383130888,-0.2592952207876945,4.28,5.846880733944959
-0.6348701921980551,-0.47293291126024006,3.1,4.2843771043771035
-0.6047900752533292,-0.49576646212430636,3.32,4.117377049180332
-0.5487316754927033,-0.4619473889828127,3.73,4.364723032069973
-0.6047900752533292,-0.5483981930432054,3.32,3.732439024390242
-0.4530222124867566,-0.35699722377859266,4.43,5.132307692307691
1.7086443734046945,1.1260222060525205,20.24,15.97881720430108
2.0094455428519558,1.5341117666620028,22.44,18.96350318471337
1.0482490786636631,0.9829153602874028,15.41,14.932162162162161
0.1294382338065756,-0.03809154229975152,8.69,7.464720496894411
-0.15632287716832213,-0.15908163286558571,6.6,6.579823008849558
-0.3244980764501997,-0.2320172279826286,5.37,6.046386554621852
-0.4188402614132043,-0.30645536815804225,4.68,5.5019607843137255
-0.5118151683332667,-0.49364990290560734,4.0,4.1328571428571435
-0.5008769439897299,-0.47293291126024006,4.08,4.2843771043771035
-0.5624044559221242,-0.42077788972548824,3.63,4.665828571428569
-0.5911172948239082,-0.47293291126024006,3.42,4.2843771043771035
-0.27117423277545805,-0.3686307732807196,5.76,5.0472222222222225
1.4174141502580284,1.6147915300570597,18.11,19.553578947368425
0.6066182707933666,1.3466368521147871,12.18,17.59234890109883
0.40699567652382096,0.6855942575673427,10.72,12.757614678899081
-0.2451959499595582,-0.05157547455648715,5.95,7.366101694915254
-0.36278186165257836,-0.17501831163304007,5.09,6.4632653061224525
-0.49404055377501943,-0.30645536815804225,4.13,5.5019607843137255
-0.6116264654680396,-0.4015148953547806,3.27,4.806714285714287
-0.5637717339650662,-0.42077788972548824,3.62,4.665828571428569
-0.4120038711984937,-0.42077788972548824,4.73,4.665828571428569
-0.4598586027014671,-0.42077788972548824,4.38,4.665828571428569
-0.675888533486318,-0.47293291126024006,2.8,4.2843771043771035
-0.2410941158307319,-0.22196220336124298,5.98,6.119927007299269
1.7551318268647258,1.3466368521147871,20.58,17.59234890109883
1.4201487063439127,1.3466368521147871,18.13,17.59234890109883
0.015954156242381865,0.5355015008008742,7.86,11.659866071428572
-0.31355985210666293,-0.2320172279826286,5.45,6.046386554621852
-0.38739286642553605,-0.28905012718873785,4.91,5.6292592592592605
-0.4229420955420305,-0.4015148953547806,4.65,4.806714285714287
-0.5624044559221242,-0.47293291126024006,3.63,4.2843771043771035
-0.6198301337256922,-0.4619473889828127,3.21,4.364723032069973
-0.47216410508794593,-0.42077788972548824,4.29,4.665828571428569
-0.5569353437503558,-0.4015148953547806,3.67,4.806714285714287
-0.7223759869463492,-0.5483981930432054,2.46,3.732439024390242
-0.574709958308603,-0.22196220336124298,3.54,6.119927007299269
1.5144908913069173,1.080198227061583,18.82,15.643669724770625
1.9164706359318933,1.615421917196858,21.76,19.558189473684212
0.28530793070197447,0.7185469127857731,9.83,12.998623853211008
-0.07975530676356478,-0.2320172279826286,7.16,6.046386554621852
-0.42020753945614636,-0.25802917369594464,4.67,5.856140350877192
-0.45165493444381444,-0.4015148953547806,4.44,4.806714285714287
-0.4571240466155828,-0.42077788972548824,4.4,4.665828571428569
-0.5350588950632823,-0.49364990290560734,3.83,4.1328571428571435
-0.4543894905296987,-0.42077788972548824,4.42,4.665828571428569
-0.4133711492414359,-0.42077788972548824,4.72,4.665828571428569
-0.6444411384986498,-0.5387858303738824,3.03,3.802741935483872
-0.39286197859730443,-0.37787312904040704,4.87,4.979625468164796
1.6854006466746791,1.309942014655786,20.07,17.32397014925373
1.623873134742285,1.615421917196858,19.62,19.558189473684212
0.21694402855486972,0.6507012007985685,9.33,12.502413793103447
-0.1617919893400905,-0.058376050092106585,6.56,7.316363636363636
-0.3244980764501997,-0.2592952207876945,5.37,5.846880733944959
-0.3655164177384625,-0.30645536815804225,5.07,5.5019607843137255
-0.5090806122473825,-0.3381198390421977,4.02,5.270373134328356
-0.6020555191674449,-0.42077788972548824,3.34,4.665828571428569
-0.44755310031498824,-0.42077788972548824,4.47,4.665828571428569
-0.5651390120080083,-0.4015148953547806,3.61,4.806714285714287
-0.6827249237010284,-0.5026859580157763,2.75,4.066769230769231
-0.20007577454246908,-0.3381198390421977,6.28,5.270373134328356
0.6572075583822242,1.3806178923075814,12.55,17.840879478827368
0.36871189132144216,0.9767886938898945,10.44,14.887352941176463
0.17319113118072266,-0.007998529472863034,9.01,7.684814814814815
-0.35868002752375205,-0.058376050092106585,5.12,7.316363636363636
-0.4899387196461931,-0.30645536815804225,4.16,5.5019607843137255
-0.5500989535356453,-0.3948757102756122,3.72,4.855271966527199
-0.6854594797869127,-0.42077788972548824,2.73,4.665828571428569
-0.6854594797869127,-0.49576646212430636,2.73,4.117377049180332
-0.589750016780966,-0.4619473889828127,3.43,4.364723032069973
-0.5938518509097924,-0.4619473889828127,3.4,4.364723032069973
-0.6348701921980551,-0.5614548738087838,3.1,3.636945054945058
-0.48857144160325106,-0.22196220336124298,4.17,6.119927007299269
1.7660700512082628,1.0949238304857412,20.66,15.751369863013696
1.2355661705467302,1.0087499352008917,16.78,15.121111111111112
0.40015928630911035,0.2437683992686295,10.67,9.526188118811879
-0.29441795950547367,-0.22826774561837043,5.59,6.0738095238095235
-0.6061573532962713,-0.28905012718873785,3.31,5.6292592592592605
-0.3395381349225628,-0.4619473889828127,5.26,4.364723032069973
-0.6417065824127657,-0.3381198390421977,3.05,5.270373134328356
-0.6430738604557077,-0.6444652102951803,3.04,3.029823943661973
-0.3395381349225628,-0.49576646212430636,5.26,4.117377049180332
-0.5924845728668502,-0.3381198390421977,3.41,5.270373134328356
-0.6389720263268815,-0.5026859580157763,3.07,4.066769230769231
0.25659509180019036,-0.3524296136131597,9.62,5.1657142857142855
2.07097305478435,1.65779267891871,22.89,19.86808080808083
1.8180266168400623,1.615421917196858,21.04,19.558189473684212
0.6011491586215983,0.6855942575673427,12.14,12.757614678899081
-0.10163175545063831,-0.17501831163304007,7.0,6.4632653061224525
-0.36414913969552043,-0.30645536815804225,5.08,5.5019607843137255
-0.4325130418426252,-0.30645536815804225,4.58,5.5019607843137255
-0.5500989535356453,-0.49364990290560734,3.72,4.1328571428571435
-0.6075246313392133,-0.5026859580157763,3.3,4.066769230769231
-0.5022442220326719,-0.42077788972548824,4.07,4.665828571428569
-0.5610371778791822,-0.47293291126024006,3.64,4.2843771043771035
-0.7182741528175229,-0.47293291126024006,2.49,4.2843771043771035
-0.3340690227507944,-0.03809154229975152,5.3,7.464720496894411
2.2500864784097643,1.614261723826704,24.2,19.549704049844177
